date,signal,symbol,qty,entry_price,stop_price,target_price,exit_price,exit_reason,entry_time,exit_time,risk_dollars,pnl,pnl_r
2024-01-02,down,SQQQ,4,295.7591,290.86,,299.5701,eod,09:45,15:54,19.6,15.24,0.778
2024-01-03,up,TQQQ,88,23.0846,22.85,,22.8454,stop,09:45,10:12,20.65,-21.05,-1.019
2024-01-04,up,TQQQ,91,22.4345,22.3,,22.3255,eod,09:45,15:54,12.24,-9.91,-0.81
2024-01-05,up,TQQQ,90,22.4145,22.29,,22.2855,stop,09:45,13:16,11.2,-11.6,-1.036
2024-01-08,up,TQQQ,68,22.8646,22.57,,23.7852,eod,09:45,15:54,20.03,62.61,3.125
2024-01-09,up,TQQQ,89,23.2546,23.19,,23.8952,eod,09:45,15:54,5.75,57.01,9.908
2024-01-10,up,TQQQ,89,24.0348,23.95,,23.9452,stop,09:45,09:50,7.55,-7.97,-1.056
2024-01-11,up,TQQQ,86,24.5949,24.54,,24.5351,stop,09:45,09:45,4.72,-5.15,-1.089
2024-01-12,up,TQQQ,74,24.815,24.53,,24.5251,stop,09:45,10:00,21.09,-21.45,-1.017
2024-01-16,down,SQQQ,6,289.0078,285.57,,285.5129,stop,09:45,10:13,20.63,-20.97,-1.017
2024-01-17,down,SQQQ,3,296.1792,290.64,,290.5819,stop,09:45,14:45,16.62,-16.79,-1.01
2024-01-18,up,TQQQ,83,24.785,24.64,,24.6351,stop,09:45,10:03,12.03,-12.44,-1.034
2024-01-19,up,TQQQ,80,25.4951,25.38,,26.5847,eod,09:45,15:54,9.21,87.17,9.467
2024-01-22,down,SQQQ,5,258.4217,254.78,,260.2179,eod,09:45,15:54,18.21,8.98,0.493
2024-01-23,down,SQQQ,8,260.7021,259.21,,259.1582,stop,09:45,09:54,11.94,-12.35,-1.035
2024-01-24,down,SQQQ,8,251.8804,249.93,,249.88,stop,09:45,10:14,15.6,-16.0,-1.026
2024-01-25,down,SQQQ,8,250.6101,248.66,,248.6103,stop,09:45,10:22,15.6,-16.0,-1.026
2024-01-26,up,TQQQ,77,27.1354,26.99,,26.9846,stop,09:45,09:51,11.2,-11.61,-1.037
2024-01-29,up,TQQQ,77,27.1854,27.0,,26.9946,stop,09:45,10:04,14.28,-14.69,-1.029
2024-01-30,up,TQQQ,75,27.7055,27.58,,27.5745,stop,09:45,10:00,9.42,-9.83,-1.044
2024-01-31,down,SQQQ,6,264.6629,261.53,,261.4777,stop,09:45,14:39,18.8,-19.11,-1.017
2024-02-01,up,TQQQ,78,26.0552,25.9,,25.8948,stop,09:45,09:57,12.11,-12.51,-1.033
2024-02-02,up,TQQQ,39,27.2054,26.69,,28.0344,eod,09:45,15:54,20.1,32.33,1.608
2024-02-05,down,SQQQ,8,248.4397,246.98,,246.9306,stop,09:45,14:36,11.68,-12.07,-1.034
2024-02-06,down,SQQQ,8,247.4495,245.71,,251.2497,eod,09:45,15:54,13.92,30.4,2.185
2024-02-07,down,SQQQ,8,247.1294,245.08,,245.031,stop,09:45,10:13,16.4,-16.79,-1.024
2024-02-08,down,SQQQ,8,243.4387,242.13,,242.0816,stop,09:45,09:59,10.47,-10.86,-1.037
2024-02-09,down,SQQQ,8,240.278,239.81,,239.762,stop,09:45,09:47,3.74,-4.13,-1.102
2024-02-12,up,TQQQ,70,29.3859,29.22,,29.2142,stop,09:45,13:39,11.61,-12.02,-1.035
2024-02-13,up,TQQQ,71,27.4755,27.19,,27.1846,stop,09:45,14:53,20.27,-20.66,-1.019
2024-02-14,down,SQQQ,8,245.019,242.76,,242.7114,stop,09:45,10:19,18.07,-18.46,-1.021
2024-02-15,down,SQQQ,8,241.7483,239.38,,239.3321,stop,09:45,13:17,18.95,-19.33,-1.02
2024-02-16,down,SQQQ,8,240.4881,238.33,,245.7708,eod,09:45,15:54,17.26,42.26,2.448
2024-02-20,down,SQQQ,3,252.7205,246.77,,252.5995,eod,09:45,15:54,17.85,-0.36,-0.02
2024-02-21,down,SQQQ,7,257.6815,255.62,,255.5689,stop,09:45,10:04,14.43,-14.79,-1.025
2024-02-22,up,TQQQ,70,28.6657,28.49,,29.3841,eod,09:45,15:54,12.3,50.29,4.088
2024-02-23,up,TQQQ,69,29.806,29.59,,29.5841,stop,09:45,09:56,14.9,-15.31,-1.027
2024-02-26,down,SQQQ,8,234.3669,232.21,,232.1636,stop,09:45,11:47,17.25,-17.63,-1.022
2024-02-27,down,SQQQ,7,235.9172,233.11,,233.0634,stop,09:45,10:19,19.65,-19.98,-1.017
2024-02-28,down,SQQQ,8,237.4275,236.43,,236.3827,stop,09:45,11:00,7.98,-8.36,-1.047
2024-02-29,up,TQQQ,68,29.3359,29.23,,29.2242,stop,09:45,10:10,7.2,-7.6,-1.055
2024-03-01,up,TQQQ,67,29.786,29.58,,29.5741,stop,09:45,09:48,13.8,-14.2,-1.029
2024-03-04,down,SQQQ,8,222.4545,221.25,,221.2057,stop,09:45,14:38,9.64,-9.99,-1.037
2024-03-05,down,SQQQ,7,231.2062,228.73,,236.8226,eod,09:45,15:54,17.33,39.31,2.268
2024-03-06,down,SQQQ,8,229.3759,228.42,,228.3743,stop,09:45,11:55,7.65,-8.01,-1.048
2024-03-07,down,SQQQ,8,227.1954,224.83,,224.785,stop,09:45,10:15,18.92,-19.28,-1.019
2024-03-08,down,SQQQ,8,221.5043,219.98,,219.936,stop,09:45,09:47,12.19,-12.55,-1.029
2024-03-11,up,TQQQ,55,28.9558,28.6,,28.5943,stop,09:45,09:59,19.57,-19.88,-1.016
2024-03-12,down,SQQQ,3,234.5769,229.26,,229.2141,stop,09:45,10:23,15.95,-16.09,-1.009
2024-03-13,down,SQQQ,8,227.8256,225.47,,229.0042,eod,09:45,15:54,18.84,9.43,0.5
2024-03-14,down,SQQQ,8,228.2556,226.73,,231.7936,eod,09:45,15:54,12.21,28.3,2.319
2024-03-15,down,SQQQ,5,238.9078,235.17,,239.862,eod,09:45,15:54,18.69,4.77,0.255
2024-03-18,up,TQQQ,67,29.4059,29.14,,29.1342,stop,09:45,11:53,17.81,-18.2,-1.022
2024-03-19,down,SQQQ,5,239.4279,236.01,,235.9628,stop,09:45,11:31,17.09,-17.33,-1.014
2024-03-20,down,SQQQ,6,231.9264,229.1,,229.0542,stop,09:45,14:00,16.96,-17.23,-1.016
2024-03-21,down,SQQQ,8,216.5133,215.18,,215.137,stop,09:45,12:27,10.67,-11.01,-1.032
2024-03-22,down,SQQQ,8,222.4045,220.96,,220.9158,stop,09:45,10:02,11.56,-11.91,-1.031
2024-03-25,down,SQQQ,8,225.5051,223.32,,223.2753,stop,09:45,09:51,17.48,-17.84,-1.02
2024-03-26,up,TQQQ,61,30.6961,30.52,,30.5139,stop,09:45,10:29,10.74,-11.12,-1.035
2024-03-27,down,SQQQ,5,223.2546,220.11,,222.8454,eod,09:45,15:54,15.72,-2.05,-0.13
2024-03-28,up,TQQQ,61,30.2761,30.03,,30.024,stop,09:45,13:18,15.01,-15.38,-1.024
2024-04-01,up,TQQQ,36,30.7061,30.19,,30.184,stop,09:45,10:39,18.58,-18.8,-1.012
2024-04-02,down,SQQQ,7,232.1464,230.17,,230.124,stop,09:45,12:59,13.83,-14.16,-1.023
2024-04-03,up,TQQQ,62,29.1258,29.03,,29.6441,eod,09:45,15:54,5.94,32.13,5.408
2024-04-04,down,SQQQ,8,221.4343,220.11,,236.5427,eod,09:45,15:54,10.59,120.87,11.409
2024-04-05,up,TQQQ,58,28.7157,28.38,,29.4041,eod,09:45,15:54,19.47,39.93,2.05
2024-04-08,down,SQQQ,8,230.216,228.24,,228.1944,stop,09:45,10:25,15.81,-16.17,-1.023
2024-04-09,down,SQQQ,8,226.6853,225.67,,228.8642,eod,09:45,15:54,8.12,17.43,2.146
2024-04-10,up,TQQQ,56,28.7858,28.43,,28.4243,stop,09:45,09:46,19.92,-20.24,-1.016
2024-04-11,down,SQQQ,8,231.8264,230.38,,230.3339,stop,09:45,09:52,11.57,-11.94,-1.032
2024-04-12,up,TQQQ,67,29.3859,29.19,,29.1842,stop,09:45,10:07,13.12,-13.51,-1.03
2024-04-15,down,SQQQ,8,228.5057,227.17,,244.4711,eod,09:45,15:54,10.69,127.72,11.953
2024-04-16,down,SQQQ,8,246.2292,244.52,,244.4711,stop,09:45,09:56,13.67,-14.07,-1.029
2024-04-17,down,SQQQ,8,242.8486,241.73,,252.1696,eod,09:45,15:54,8.95,74.57,8.333
2024-04-18,down,SQQQ,5,256.8814,253.08,,253.0294,stop,09:45,10:34,19.01,-19.26,-1.013
2024-04-19,down,SQQQ,8,261.5023,261.0,,260.9478,stop,09:45,09:46,4.02,-4.44,-1.104
2024-04-22,up,TQQQ,86,24.6349,24.53,,24.5251,stop,09:45,10:09,9.02,-9.45,-1.047
2024-04-23,up,TQQQ,84,25.3251,25.17,,26.0048,eod,09:45,15:54,13.03,57.1,4.384
2024-04-24,up,TQQQ,81,26.7353,26.48,,26.4747,stop,09:45,09:56,20.68,-21.11,-1.021
2024-04-25,up,TQQQ,75,24.965,24.68,,25.7548,eod,09:45,15:54,21.37,59.24,2.772
2024-04-26,up,TQQQ,75,26.5853,26.29,,27.1146,eod,09:45,15:54,22.15,39.69,1.792
2024-04-29,down,SQQQ,5,244.7489,240.45,,242.5515,eod,09:45,15:54,21.49,-10.99,-0.511
2024-04-30,up,TQQQ,81,27.2554,26.98,,26.9746,stop,09:45,10:29,22.31,-22.75,-1.02
2024-05-01,down,SQQQ,8,259.3419,258.0,,257.9484,stop,09:45,14:01,10.73,-11.15,-1.038
2024-05-02,down,SQQQ,8,256.9914,254.36,,254.3091,stop,09:45,13:27,21.05,-21.46,-1.019
2024-05-03,up,TQQQ,79,27.6055,27.37,,27.3645,stop,09:45,10:09,18.61,-19.04,-1.023
2024-05-06,up,TQQQ,77,28.1256,27.92,,28.5343,eod,09:45,15:54,15.83,31.47,1.987
2024-05-07,up,TQQQ,76,28.7557,28.65,,28.6443,stop,09:45,09:50,8.04,-8.47,-1.054
2024-05-08,up,TQQQ,77,28.3057,28.08,,28.5743,eod,09:45,15:54,17.38,20.68,1.19
2024-05-09,down,SQQQ,7,231.9364,229.1,,229.0542,stop,09:45,10:38,19.85,-20.18,-1.016
2024-05-10,up,TQQQ,74,29.2358,28.94,,28.9342,stop,09:45,10:19,21.89,-22.32,-1.02
2024-05-13,down,SQQQ,8,226.6853,224.18,,225.7348,eod,09:45,15:54,20.04,-7.6,-0.379
2024-05-14,up,TQQQ,74,29.2058,28.98,,29.754,eod,09:45,15:54,16.71,40.57,2.427
2024-05-15,down,SQQQ,10,218.4337,217.32,,217.2765,stop,09:45,10:18,11.14,-11.57,-1.039
2024-05-16,up,TQQQ,70,31.0462,30.94,,30.9338,stop,09:45,13:25,7.43,-7.87,-1.058
2024-05-17,down,SQQQ,10,213.1926,212.4,,212.3575,stop,09:45,10:29,7.93,-8.35,-1.054
2024-05-20,up,TQQQ,61,31.1262,30.77,,31.3237,eod,09:45,15:54,21.73,12.05,0.554
2024-05-21,up,TQQQ,70,31.1062,30.97,,31.5637,eod,09:45,15:54,9.54,32.02,3.358
2024-05-22,up,TQQQ,70,31.6563,31.53,,31.5237,stop,09:45,13:37,8.84,-9.28,-1.05
2024-05-23,down,SQQQ,10,203.8708,201.91,,211.0678,eod,09:45,15:54,19.61,71.97,3.671
2024-05-24,up,TQQQ,72,31.4563,31.26,,31.2537,stop,09:45,09:54,14.13,-14.58,-1.032
2024-05-28,down,SQQQ,9,205.8012,203.41,,203.3693,stop,09:45,11:32,21.52,-21.89,-1.017
2024-05-29,up,TQQQ,71,31.5263,31.38,,31.5337,eod,09:45,15:54,10.39,0.52,0.05
2024-05-30,down,SQQQ,10,210.092,208.97,,214.0972,eod,09:45,15:54,11.22,40.05,3.57
2024-05-31,up,TQQQ,74,30.6861,30.47,,30.4639,stop,09:45,09:46,15.99,-16.45,-1.028
2024-06-03,up,TQQQ,72,31.2362,31.08,,31.0738,stop,09:45,09:51,11.25,-11.7,-1.04
2024-06-04,down,SQQQ,10,214.1528,212.83,,212.7874,stop,09:45,10:00,13.23,-13.65,-1.032
2024-06-05,down,SQQQ,10,206.6613,205.98,,205.9388,stop,09:45,09:52,6.81,-7.23,-1.06
2024-06-07,down,SQQQ,11,200.23,199.55,,199.5101,stop,09:45,09:47,7.48,-7.92,-1.059
2024-06-10,up,TQQQ,68,32.6065,32.5,,33.1134,eod,09:45,15:54,7.24,34.47,4.758
2024-06-11,down,SQQQ,11,199.3799,198.05,,198.0104,stop,09:45,10:29,14.63,-15.06,-1.03
2024-06-12,up,TQQQ,39,35.137,34.57,,35.193,eod,09:45,15:54,22.11,2.18,0.099
2024-06-13,up,TQQQ,62,36.0072,35.88,,35.8728,stop,09:45,09:58,7.89,-8.33,-1.056
2024-06-14,up,TQQQ,62,35.7772,35.55,,36.0728,eod,09:45,15:54,14.08,18.33,1.301
2024-06-17,down,SQQQ,12,180.5761,179.85,,179.814,stop,09:45,10:06,8.71,-9.14,-1.05
2024-06-20,up,TQQQ,59,37.9476,37.6,,37.5925,stop,09:45,10:08,20.51,-20.95,-1.022
2024-06-21,down,SQQQ,12,179.4659,178.36,,178.3243,stop,09:45,11:02,13.27,-13.7,-1.032
2024-06-24,down,SQQQ,12,181.8164,180.07,,180.034,stop,09:45,10:01,20.96,-21.39,-1.021
2024-06-25,down,SQQQ,12,183.7467,183.28,,183.2433,stop,09:45,09:46,5.6,-6.04,-1.079
2024-06-26,up,TQQQ,60,36.2272,36.07,,36.0628,stop,09:45,11:11,9.43,-9.87,-1.046
2024-06-27,up,TQQQ,46,36.9374,36.47,,36.4627,stop,09:45,11:28,21.5,-21.84,-1.016
2024-06-28,up,TQQQ,58,37.1474,36.78,,36.7726,stop,09:45,12:16,21.31,-21.74,-1.02
2024-07-01,down,SQQQ,10,180.9762,179.0,,178.9642,stop,09:45,12:08,19.76,-20.12,-1.018
2024-07-02,up,TQQQ,40,36.9574,36.43,,37.8424,eod,09:45,15:54,21.1,35.4,1.678
2024-07-03,up,TQQQ,56,38.0076,37.76,,38.8222,eod,09:45,15:54,13.87,45.62,3.29
2024-07-05,up,TQQQ,56,39.2278,39.04,,39.0322,stop,09:45,09:46,10.52,-10.96,-1.042
2024-07-08,down,SQQQ,13,162.7225,162.19,,162.1576,stop,09:45,09:50,6.92,-7.34,-1.061
2024-07-09,up,TQQQ,53,40.8182,40.67,,40.6619,stop,09:45,10:06,7.85,-8.28,-1.055
2024-07-10,down,SQQQ,13,159.7119,159.35,,159.3181,stop,09:45,09:49,4.71,-5.12,-1.088
2024-07-11,down,SQQQ,13,156.5413,156.08,,166.5167,eod,09:45,15:54,6.0,129.68,21.624
2024-07-12,down,SQQQ,13,166.4733,165.68,,165.6469,stop,09:45,09:46,10.31,-10.74,-1.042
2024-07-15,down,SQQQ,12,162.8726,161.1,,161.0678,stop,09:45,10:04,21.27,-21.66,-1.018
2024-07-16,down,SQQQ,14,161.9924,160.66,,162.8074,eod,09:45,15:54,18.65,11.41,0.612
2024-07-17,down,SQQQ,12,172.0444,170.26,,176.1648,eod,09:45,15:54,21.41,49.44,2.309
2024-07-18,down,SQQQ,7,175.8652,172.88,,180.4739,eod,09:45,15:54,20.9,32.26,1.544
2024-07-19,up,TQQQ,65,35.9072,35.55,,35.5429,stop,09:45,10:27,23.22,-23.68,-1.02
2024-07-22,up,TQQQ,58,36.1572,35.76,,35.7528,stop,09:45,11:16,23.04,-23.45,-1.018
2024-07-23,up,TQQQ,42,36.5973,36.05,,36.0428,stop,09:45,10:49,22.99,-23.29,-1.013
2024-07-24,down,SQQQ,7,188.8578,185.98,,198.3803,eod,09:45,15:54,20.14,66.66,3.309
2024-07-25,down,SQQQ,9,199.88,197.33,,197.2905,stop,09:45,11:11,22.95,-23.3,-1.015
2024-07-26,down,SQQQ,11,199.97,198.86,,198.8202,stop,09:45,10:00,12.21,-12.65,-1.036
2024-07-29,up,TQQQ,39,32.7966,32.21,,32.2036,stop,09:45,10:59,22.88,-23.13,-1.011
2024-07-30,down,SQQQ,11,196.0592,194.28,,204.819,eod,09:45,15:54,19.57,96.36,4.923
2024-07-31,down,SQQQ,8,193.4387,190.56,,190.5219,stop,09:45,10:01,23.03,-23.33,-1.013
2024-08-01,up,TQQQ,36,34.2068,33.55,,33.5433,stop,09:45,10:21,23.65,-23.89,-1.01
2024-08-02,up,TQQQ,35,29.3859,28.73,,28.7243,stop,09:45,10:04,22.96,-23.16,-1.009
2024-08-05,up,TQQQ,18,25.195,23.95,,26.0048,eod,09:45,15:54,22.41,14.58,0.65
2024-08-06,down,SQQQ,3,235.9072,228.98,,228.9342,stop,09:45,09:57,20.78,-20.92,-1.007
2024-08-07,up,TQQQ,61,28.5557,28.18,,28.1744,stop,09:45,10:18,22.92,-23.26,-1.015
2024-08-08,down,SQQQ,5,230.226,225.71,,225.6649,stop,09:45,10:02,22.58,-22.81,-1.01
2024-08-12,down,SQQQ,1,213.4227,196.46,,211.6077,eod,09:45,15:54,16.96,-1.82,-0.107
2024-08-13,up,TQQQ,75,30.116,29.88,,31.0938,eod,09:45,15:54,17.7,73.33,4.143
2024-08-14,down,SQQQ,6,196.6193,192.75,,192.7115,stop,09:45,11:52,23.22,-23.45,-1.01
2024-08-15,up,TQQQ,71,32.5765,32.38,,33.4433,eod,09:45,15:54,13.95,61.54,4.411
2024-08-16,down,SQQQ,13,182.8566,181.83,,181.7936,stop,09:45,09:51,13.35,-13.82,-1.035
2024-08-19,down,SQQQ,13,179.906,179.43,,179.3941,stop,09:45,09:47,6.19,-6.65,-1.075
2024-08-20,up,TQQQ,67,35.067,34.78,,34.773,stop,09:45,10:17,19.23,-19.7,-1.024
2024-08-21,up,TQQQ,66,35.017,34.78,,34.773,stop,09:45,10:52,15.64,-16.1,-1.029
2024-08-22,down,SQQQ,13,169.6439,168.74,,180.3739,eod,09:45,15:54,11.75,139.49,11.87
2024-08-23,down,SQQQ,14,176.1952,175.07,,175.035,stop,09:45,09:55,15.75,-16.24,-1.031
2024-08-26,down,SQQQ,13,175.215,174.0,,179.754,eod,09:45,15:54,15.8,59.01,3.736
2024-08-27,down,SQQQ,13,182.8266,180.96,,180.9238,stop,09:45,09:53,24.27,-24.74,-1.019
2024-08-28,down,SQQQ,13,179.6859,177.9,,183.2733,eod,09:45,15:54,23.22,46.64,2.009
2024-08-29,up,TQQQ,75,33.3367,33.0,,32.9934,stop,09:45,14:30,25.25,-25.74,-1.02
2024-08-30,up,TQQQ,75,33.4267,33.19,,33.1834,stop,09:45,10:57,17.75,-18.25,-1.028
2024-09-03,down,SQQQ,9,184.817,182.27,,196.2008,eod,09:45,15:54,22.92,102.45,4.47
2024-09-04,up,TQQQ,62,30.2761,29.86,,29.854,stop,09:45,10:00,25.8,-26.17,-1.014
2024-09-05,up,TQQQ,48,30.5261,30.0,,29.994,stop,09:45,11:25,25.25,-25.54,-1.011
2024-09-06,down,SQQQ,6,200.21,196.46,,211.8076,eod,09:45,15:54,22.5,69.59,3.093
2024-09-09,up,TQQQ,90,28.8458,28.63,,28.6243,stop,09:45,10:30,19.42,-19.93,-1.027
2024-09-10,up,TQQQ,88,29.3859,29.17,,29.1642,stop,09:45,09:50,19.0,-19.51,-1.027
2024-09-11,down,SQQQ,12,199.1198,197.11,,197.0706,stop,09:45,12:20,24.12,-24.59,-1.02
2024-09-12,up,TQQQ,80,31.7664,31.47,,31.4637,stop,09:45,09:49,23.71,-24.21,-1.021
2024-09-13,up,TQQQ,51,32.8966,32.41,,33.1334,eod,09:45,15:54,24.82,12.08,0.487
2024-09-16,down,SQQQ,13,182.6365,180.96,,180.9238,stop,09:45,09:54,21.79,-22.27,-1.022
2024-09-17,down,SQQQ,14,177.7255,176.59,,176.5547,stop,09:45,10:45,15.9,-16.39,-1.031
2024-09-18,down,SQQQ,13,180.4461,179.21,,179.1742,stop,09:45,14:00,16.07,-16.54,-1.029
2024-09-19,down,SQQQ,14,170.9542,169.83,,169.796,stop,09:45,10:15,15.74,-16.21,-1.03
2024-09-20,up,TQQQ,71,34.4869,34.41,,34.4031,stop,09:45,09:49,5.46,-5.95,-1.089
2024-09-23,down,SQQQ,14,170.084,169.17,,169.1362,stop,09:45,09:48,12.8,-13.27,-1.037
2024-09-24,down,SQQQ,14,168.7737,167.43,,167.3965,stop,09:45,11:45,18.81,-19.28,-1.025
2024-09-25,up,TQQQ,68,35.217,35.0,,34.993,stop,09:45,13:00,14.76,-15.23,-1.032
2024-09-26,down,SQQQ,10,160.7721,158.52,,163.0974,eod,09:45,15:54,22.52,23.25,1.032
2024-09-27,down,SQQQ,14,163.4527,162.08,,165.6069,eod,09:45,15:54,19.22,30.16,1.569
2024-09-30,up,TQQQ,59,35.5571,35.14,,35.133,stop,09:45,10:09,24.61,-25.02,-1.017
2024-10-01,down,SQQQ,6,168.7938,164.75,,171.9756,eod,09:45,15:54,24.26,19.09,0.787
2024-10-02,down,SQQQ,7,175.4751,172.1,,172.0656,stop,09:45,10:02,23.63,-23.87,-1.01
2024-10-03,up,TQQQ,47,34.2669,33.75,,33.7433,stop,09:45,13:00,24.29,-24.61,-1.013
2024-10-04,down,SQQQ,14,166.1232,165.2,,165.4969,eod,09:45,15:54,12.93,-8.77,-0.678
2024-10-07,down,SQQQ,14,168.0136,166.98,,166.9466,stop,09:45,10:16,14.47,-14.94,-1.032
2024-10-08,down,SQQQ,14,168.4637,168.09,,168.0564,stop,09:45,09:49,5.23,-5.7,-1.09
2024-10-09,down,SQQQ,14,164.5629,163.22,,163.1874,stop,09:45,10:07,18.8,-19.26,-1.024
2024-10-10,up,TQQQ,65,36.2172,35.99,,35.9828,stop,09:45,09:47,14.77,-15.24,-1.032
2024-10-11,up,TQQQ,65,36.0372,35.89,,36.7027,eod,09:45,15:54,9.57,43.25,4.521
2024-10-14,up,TQQQ,63,37.4175,37.09,,37.0826,stop,09:45,11:01,20.63,-21.1,-1.023
2024-10-15,down,SQQQ,15,155.5411,154.96,,154.929,stop,09:45,09:55,8.72,-9.18,-1.053
2024-10-16,down,SQQQ,8,164.5629,161.63,,161.5977,stop,09:45,14:21,23.46,-23.72,-1.011
2024-10-17,down,SQQQ,7,159.6619,156.51,,161.1578,eod,09:45,15:54,22.06,10.47,0.475
2024-10-18,up,TQQQ,63,36.8374,36.49,,36.7327,eod,09:45,15:54,21.88,-6.6,-0.301
2024-10-21,up,TQQQ,63,36.7273,36.44,,36.4327,stop,09:45,10:40,18.1,-18.56,-1.025
2024-10-22,up,TQQQ,55,36.5773,36.16,,37.2126,eod,09:45,15:54,22.95,34.94,1.522
2024-10-23,down,SQQQ,14,160.112,159.19,,165.167,eod,09:45,15:54,12.91,70.77,5.482
2024-10-24,down,SQQQ,14,162.0024,160.97,,160.9378,stop,09:45,10:02,14.45,-14.9,-1.031
2024-10-25,up,TQQQ,46,37.2775,36.76,,36.7526,stop,09:45,13:44,23.8,-24.14,-1.014
2024-10-28,down,SQQQ,15,156.6613,155.18,,157.8184,eod,09:45,15:54,22.22,17.36,0.781
2024-10-29,down,SQQQ,15,158.5517,157.63,,157.5985,stop,09:45,09:59,13.83,-14.3,-1.034
2024-10-30,down,SQQQ,9,156.8814,154.29,,154.2591,stop,09:45,10:04,23.32,-23.6,-1.012
2024-10-31,down,SQQQ,9,163.6727,161.19,,168.6163,eod,09:45,15:54,22.34,44.49,1.991
2024-11-01,up,TQQQ,50,34.927,34.45,,34.963,eod,09:45,15:54,23.85,1.8,0.076
2024-11-04,down,SQQQ,14,166.7934,166.09,,166.0568,stop,09:45,09:49,9.85,-10.31,-1.047
2024-11-05,up,TQQQ,67,35.2671,34.91,,35.8028,eod,09:45,15:54,23.92,35.9,1.501
2024-11-06,up,TQQQ,64,38.0476,37.67,,37.6625,stop,09:45,09:48,24.17,-24.65,-1.02
2024-11-07,up,TQQQ,59,39.838,39.43,,40.5919,eod,09:45,15:54,24.07,44.48,1.848
2024-11-08,up,TQQQ,60,40.4881,40.47,,40.4619,stop,09:45,09:45,1.09,-1.57,-1.447
2024-11-11,down,SQQQ,14,141.3183,139.68,,141.5217,eod,09:45,15:54,22.94,2.85,0.124
2024-11-12,down,SQQQ,17,141.3183,140.66,,140.6319,stop,09:45,09:53,11.19,-11.67,-1.043
2024-11-13,up,TQQQ,60,40.4181,40.19,,40.182,stop,09:45,09:49,13.68,-14.17,-1.035
2024-11-14,down,SQQQ,12,144.0388,142.13,,145.6209,eod,09:45,15:54,22.91,18.98,0.829
2024-11-15,down,SQQQ,16,151.8904,150.41,,156.0788,eod,09:45,15:54,23.69,67.01,2.829
2024-11-18,down,SQQQ,16,155.281,154.49,,154.4591,stop,09:45,10:04,12.66,-13.15,-1.039
2024-11-19,up,TQQQ,63,37.0374,36.64,,37.9724,eod,09:45,15:54,25.04,58.9,2.353
2024-11-20,down,SQQQ,12,152.3605,150.24,,150.21,stop,09:45,15:50,25.45,-25.81,-1.014
2024-11-21,down,SQQQ,5,151.4703,146.94,,148.4903,eod,09:45,15:54,22.65,-14.9,-0.658
2024-11-22,up,TQQQ,63,38.5277,38.13,,38.1224,stop,09:45,10:10,25.06,-25.54,-1.019
2024-11-25,up,TQQQ,42,39.7179,39.13,,39.1222,stop,09:45,09:52,24.69,-25.02,-1.013
2024-11-26,up,TQQQ,62,39.2578,39.03,,39.0222,stop,09:45,10:00,14.13,-14.61,-1.034
2024-11-27,down,SQQQ,16,147.4195,146.32,,149.1402,eod,09:45,15:54,17.59,27.53,1.565
2024-11-29,up,TQQQ,64,38.7077,38.33,,39.3121,eod,09:45,15:54,24.18,38.68,1.6
2024-12-02,up,TQQQ,50,40.028,39.53,,40.5819,eod,09:45,15:54,24.9,27.69,1.112
2024-12-03,up,TQQQ,63,40.4781,40.14,,40.9118,eod,09:45,15:54,21.3,27.32,1.283
2024-12-04,down,SQQQ,18,136.5973,136.08,,136.0528,stop,09:45,09:55,9.31,-9.8,-1.053
2024-12-05,down,SQQQ,19,134.2068,133.82,,133.7932,stop,09:45,12:12,7.35,-7.86,-1.069
2024-12-06,up,TQQQ,60,42.5985,42.2,,43.1514,eod,09:45,15:54,23.91,33.17,1.387
2024-12-09,up,TQQQ,60,43.0186,42.77,,42.7614,stop,09:45,10:26,14.92,-15.43,-1.034
2024-12-10,up,TQQQ,60,42.7285,42.3,,42.2915,stop,09:45,10:58,25.71,-26.22,-1.02
2024-12-11,up,TQQQ,59,43.0586,42.67,,43.9512,eod,09:45,15:54,22.93,52.66,2.297
2024-12-12,down,SQQQ,19,130.9362,130.78,,130.7538,stop,09:45,10:23,2.97,-3.46,-1.167
2024-12-13,up,TQQQ,43,44.5889,43.99,,43.9812,stop,09:45,10:38,25.75,-26.13,-1.015
2024-12-16,up,TQQQ,57,44.769,44.64,,45.8608,eod,09:45,15:54,7.35,62.24,8.467
2024-12-17,up,TQQQ,52,45.5991,45.1,,45.091,stop,09:45,10:01,25.95,-26.42,-1.018
2024-12-18,down,SQQQ,20,125.6551,125.17,,125.145,stop,09:45,10:00,9.7,-10.2,-1.052
2024-12-19,down,SQQQ,12,136.4573,134.38,,140.4819,eod,09:45,15:54,24.93,48.3,1.937
2024-12-20,up,TQQQ,56,39.2378,38.77,,38.7622,stop,09:45,09:50,26.2,-26.63,-1.017
2024-12-23,down,SQQQ,19,135.8372,134.67,,134.6431,stop,09:45,11:43,22.18,-22.69,-1.023
2024-12-24,up,TQQQ,60,42.6985,42.3,,43.6613,eod,09:45,15:54,23.91,57.76,2.416
2024-12-26,up,TQQQ,61,43.4487,43.24,,43.2314,stop,09:45,09:49,12.73,-13.26,-1.041
2024-12-27,down,SQQQ,8,133.5767,130.55,,133.8132,eod,09:45,15:54,24.21,1.89,0.078
2024-12-30,down,SQQQ,17,140.228,138.69,,138.6623,stop,09:45,11:19,26.15,-26.62,-1.018
2024-12-31,down,SQQQ,14,139.0178,137.23,,142.5715,eod,09:45,15:54,25.03,49.75,1.988
2025-01-02,down,SQQQ,8,142.5385,139.4,,139.3721,stop,09:45,09:54,25.11,-25.33,-1.009
2025-01-03,up,TQQQ,33,40.208,39.42,,39.4121,stop,09:45,10:20,26.01,-26.27,-1.01
2025-01-06,up,TQQQ,61,42.3085,41.92,,41.9116,stop,09:45,13:45,23.7,-24.21,-1.022
2025-01-07,down,SQQQ,19,131.5363,130.82,,138.9122,eod,09:45,15:54,13.61,140.14,10.297
2025-01-08,up,TQQQ,68,39.778,39.42,,39.4121,stop,09:45,09:53,24.34,-24.88,-1.022
2025-01-10,down,SQQQ,18,143.5687,142.12,,145.041,eod,09:45,15:54,26.08,26.5,1.016
2025-01-13,up,TQQQ,62,36.6673,36.23,,37.4725,eod,09:45,15:54,27.11,49.92,1.841
2025-01-14,up,TQQQ,55,38.4577,37.96,,37.9524,stop,09:45,09:53,27.37,-27.79,-1.015
2025-01-15,up,TQQQ,45,39.4279,38.82,,39.982,eod,09:45,15:54,27.35,24.94,0.912
2025-01-16,down,SQQQ,17,137.2074,135.65,,139.5821,eod,09:45,15:54,26.48,40.37,1.525
2025-01-17,down,SQQQ,10,135.237,132.52,,132.4935,stop,09:45,13:12,27.17,-27.44,-1.01
2025-01-21,down,SQQQ,15,133.2266,131.37,,131.3437,stop,09:45,12:42,27.85,-28.24,-1.014
2025-01-22,up,TQQQ,64,43.1686,42.83,,43.4613,eod,09:45,15:54,21.67,18.73,0.864
2025-01-23,up,TQQQ,64,42.9086,42.61,,43.4313,eod,09:45,15:54,19.11,33.45,1.751
2025-01-24,down,SQQQ,22,125.7251,125.33,,125.3049,stop,09:45,09:45,8.69,-9.24,-1.063
2025-01-27,up,TQQQ,29,39.1778,38.21,,38.2024,stop,09:45,14:50,28.07,-28.29,-1.008
2025-01-28,down,SQQQ,10,140.6381,137.94,,137.9124,stop,09:45,10:01,26.98,-27.26,-1.01
2025-01-29,down,SQQQ,15,134.1468,132.33,,133.7432,eod,09:45,15:54,27.25,-6.05,-0.222
2025-01-30,down,SQQQ,20,131.5863,131.18,,131.1538,stop,09:45,09:46,8.13,-8.65,-1.065
2025-01-31,up,TQQQ,64,42.2084,41.9,,41.8916,stop,09:45,13:34,19.74,-20.28,-1.027
2025-02-03,up,TQQQ,58,39.0278,38.56,,38.5523,stop,09:45,09:53,27.13,-27.58,-1.016
2025-02-04,up,TQQQ,48,40.4381,39.88,,41.3717,eod,09:45,15:54,26.79,44.81,1.673
2025-02-05,up,TQQQ,67,40.7982,40.49,,40.4819,stop,09:45,10:03,20.65,-21.19,-1.026
2025-02-06,up,TQQQ,64,42.0384,41.74,,41.7317,stop,09:45,14:33,19.1,-19.63,-1.028
2025-02-07,up,TQQQ,62,42.8986,42.51,,42.5015,stop,09:45,10:00,24.09,-24.62,-1.022
2025-02-10,up,TQQQ,63,42.0584,41.74,,42.3515,eod,09:45,15:54,20.06,18.47,0.921
2025-02-11,up,TQQQ,52,42.0084,41.5,,41.9216,eod,09:45,15:54,26.44,-4.51,-0.171
2025-02-12,up,TQQQ,36,41.2783,40.55,,42.0216,eod,09:45,15:54,26.22,26.76,1.021
2025-02-13,up,TQQQ,63,42.5885,42.27,,43.7712,eod,09:45,15:54,20.07,74.51,3.713
2025-02-14,down,SQQQ,22,123.2346,122.5,,122.4755,stop,09:45,09:51,16.16,-16.7,-1.033
2025-02-18,down,SQQQ,22,121.1742,120.37,,121.6257,eod,09:45,15:54,17.69,9.93,0.561
2025-02-19,down,SQQQ,22,121.8344,121.17,,121.1458,stop,09:45,11:11,14.62,-15.15,-1.036
2025-02-20,down,SQQQ,22,122.0644,121.13,,122.6055,eod,09:45,15:54,20.56,11.9,0.579
2025-02-21,down,SQQQ,22,122.7946,121.77,,129.744,eod,09:45,15:54,22.54,152.89,6.783
2025-02-24,down,SQQQ,18,129.6159,127.99,,134.3631,eod,09:45,15:54,29.27,85.45,2.92
2025-02-25,down,SQQQ,19,136.9074,135.33,,140.4019,eod,09:45,15:54,29.97,66.4,2.215
2025-02-26,down,SQQQ,22,138.3577,137.5,,137.4725,stop,09:45,09:49,18.87,-19.47,-1.032
2025-02-27,down,SQQQ,8,139.1778,135.4,,149.87,eod,09:45,15:54,30.22,85.54,2.83
2025-02-28,up,TQQQ,40,35.3871,34.61,,36.7726,eod,09:45,15:54,31.08,55.42,1.783
2025-03-03,down,SQQQ,9,142.8786,139.65,,153.8692,eod,09:45,15:54,29.06,98.92,3.404
2025-03-04,down,SQQQ,14,156.2412,153.97,,153.9392,stop,09:45,12:28,31.8,-32.23,-1.014
2025-03-05,up,TQQQ,57,34.3869,33.82,,33.8132,stop,09:45,09:56,32.31,-32.7,-1.012
2025-03-06,down,SQQQ,20,157.5015,156.03,,155.9988,stop,09:45,09:50,29.43,-30.05,-1.021
2025-03-07,up,TQQQ,52,32.9366,32.32,,32.3135,stop,09:45,10:31,32.06,-32.4,-1.01
2025-03-10,up,TQQQ,65,31.6263,31.14,,31.1338,stop,09:45,09:52,31.61,-32.02,-1.013
2025-03-11,up,TQQQ,45,29.876,29.18,,29.1742,stop,09:45,10:04,31.32,-31.58,-1.008
2025-03-12,down,SQQQ,12,169.4139,166.91,,171.0658,eod,09:45,15:54,30.05,19.82,0.66
2025-03-13,down,SQQQ,11,175.045,172.33,,181.5637,eod,09:45,15:54,29.87,71.71,2.401
2025-03-14,up,TQQQ,57,29.996,29.44,,29.4341,stop,09:45,10:00,31.69,-32.03,-1.011
2025-03-17,up,TQQQ,53,31.0762,30.48,,30.4739,stop,09:45,10:36,31.6,-31.92,-1.01
2025-03-18,down,SQQQ,6,172.8746,168.24,,173.2353,eod,09:45,15:54,27.81,2.16,0.078
2025-03-19,down,SQQQ,13,172.5745,170.16,,170.126,stop,09:45,09:54,31.39,-31.83,-1.014
2025-03-20,up,TQQQ,52,30.4161,29.82,,30.3939,eod,09:45,15:54,31.0,-1.15,-0.037
2025-03-21,up,TQQQ,87,29.5359,29.18,,30.5439,eod,09:45,15:54,30.96,87.69,2.832
2025-03-24,up,TQQQ,99,32.1964,32.01,,32.8034,eod,09:45,15:54,18.46,60.09,3.256
2025-03-25,down,SQQQ,20,155.4611,154.66,,154.6291,stop,09:45,10:00,16.02,-16.64,-1.039
2025-03-26,up,TQQQ,98,33.0466,32.87,,32.8634,stop,09:45,09:47,17.31,-17.95,-1.037
2025-03-27,down,SQQQ,14,165.103,162.85,,162.8174,stop,09:45,09:54,31.54,-32.0,-1.014
2025-03-28,down,SQQQ,19,167.4835,166.01,,177.5045,eod,09:45,15:54,28.0,190.4,6.801
2025-03-31,down,SQQQ,6,190.5481,185.34,,185.3029,stop,09:45,11:22,31.25,-31.47,-1.007
2025-04-01,up,TQQQ,117,28.1756,27.89,,27.8844,stop,09:45,10:07,33.42,-34.07,-1.02
2025-04-02,up,TQQQ,35,28.7257,27.79,,29.754,eod,09:45,15:54,32.75,35.99,1.099
2025-04-03,up,TQQQ,84,26.3053,25.91,,25.9048,stop,09:45,10:04,33.2,-33.64,-1.013
2025-04-04,down,SQQQ,4,218.2136,211.17,,231.2137,eod,09:45,15:54,28.17,52.0,1.846
2025-04-07,down,SQQQ,3,265.103,256.1,,256.0488,stop,09:45,09:50,27.01,-27.16,-1.006
2025-04-08,down,SQQQ,11,210.092,207.27,,207.2285,stop,09:45,09:46,31.04,-31.5,-1.015
2025-04-09,up,TQQQ,60,19.7339,19.19,,26.2647,eod,09:45,15:54,32.64,391.85,12.006
2025-04-10,down,SQQQ,10,171.3143,167.84,,176.4647,eod,09:45,15:54,34.74,51.5,1.482
2025-04-11,up,TQQQ,54,23.0846,22.4,,22.3955,stop,09:45,10:21,36.97,-37.21,-1.007
2025-04-14,down,SQQQ,6,161.5423,156.21,,163.5373,eod,09:45,15:54,31.99,11.97,0.374
2025-04-15,up,TQQQ,92,25.095,24.69,,24.6851,stop,09:45,10:19,37.26,-37.72,-1.012
2025-04-16,up,TQQQ,144,23.4147,23.16,,23.1554,stop,09:45,09:51,36.67,-37.34,-1.018
2025-04-17,down,SQQQ,13,178.1156,175.38,,175.3449,stop,09:45,14:11,35.56,-36.02,-1.013
2025-04-21,down,SQQQ,14,187.9576,185.51,,193.3613,eod,09:45,15:54,34.27,75.65,2.208
2025-04-22,up,TQQQ,96,21.7343,21.35,,22.2855,eod,09:45,15:54,36.9,52.91,1.434
2025-04-23,up,TQQQ,88,24.7049,24.28,,24.2751,stop,09:45,11:23,37.39,-37.82,-1.011
2025-04-24,up,TQQQ,91,24.4549,24.05,,25.8648,eod,09:45,15:54,36.84,128.3,3.482
2025-04-25,down,SQQQ,23,152.5105,150.88,,150.8498,stop,09:45,10:00,37.5,-38.2,-1.019
2025-04-28,up,TQQQ,78,26.9754,26.49,,26.4847,stop,09:45,09:58,37.86,-38.27,-1.011
2025-04-29,up,TQQQ,131,26.4553,26.17,,27.2346,eod,09:45,15:54,37.37,102.08,2.731
2025-04-30,down,SQQQ,13,154.6709,151.9,,151.8696,stop,09:45,10:29,36.02,-36.42,-1.011
2025-05-01,down,SQQQ,27,138.0976,136.86,,136.8326,stop,09:45,09:51,33.42,-34.15,-1.022
2025-05-02,up,TQQQ,128,29.0958,28.8,,28.7942,stop,09:45,09:52,37.86,-38.6,-1.019
2025-05-05,up,TQQQ,130,28.8058,28.58,,28.8842,eod,09:45,15:54,29.35,10.2,0.348
2025-05-06,up,TQQQ,119,28.0056,27.69,,27.6845,stop,09:45,09:51,37.56,-38.22,-1.018
2025-05-07,up,TQQQ,131,28.3357,28.08,,28.0744,stop,09:45,09:49,33.49,-34.23,-1.022
2025-05-08,down,SQQQ,27,133.8768,132.88,,132.8534,stop,09:45,11:28,26.91,-27.63,-1.027
2025-05-09,up,TQQQ,123,29.6359,29.61,,29.6041,stop,09:45,09:45,3.19,-3.92,-1.228
2025-05-12,down,SQQQ,12,120.9942,118.11,,118.0864,stop,09:45,13:08,34.61,-34.89,-1.008
2025-05-13,up,TQQQ,79,33.3267,32.87,,34.3031,eod,09:45,15:54,36.08,77.14,2.138
2025-05-14,up,TQQQ,106,34.6269,34.48,,34.4731,stop,09:45,09:46,15.57,-16.3,-1.047
2025-05-15,up,TQQQ,106,34.4969,34.3,,34.2931,stop,09:45,09:46,20.87,-21.6,-1.035
2025-05-16,down,SQQQ,33,109.922,109.06,,109.0382,stop,09:45,13:32,28.45,-29.17,-1.025
2025-05-19,up,TQQQ,54,34.5669,33.9,,35.4029,eod,09:45,15:54,36.01,45.14,1.254
2025-05-20,up,TQQQ,105,34.977,34.86,,34.853,stop,09:45,09:47,12.28,-13.02,-1.06
2025-05-21,up,TQQQ,83,34.7269,34.29,,34.2831,stop,09:45,13:24,36.27,-36.84,-1.016
2025-05-22,down,SQQQ,31,113.8628,112.87,,112.8474,stop,09:45,09:52,30.78,-31.48,-1.023
2025-05-23,up,TQQQ,90,32.5265,32.13,,32.8534,eod,09:45,15:54,35.69,29.42,0.825
2025-05-27,down,SQQQ,32,112.4325,111.66,,111.6377,stop,09:45,09:51,24.72,-25.43,-1.029
2025-05-28,up,TQQQ,101,35.5371,35.28,,35.2729,stop,09:45,09:48,25.97,-26.68,-1.027
2025-05-29,down,SQQQ,14,107.7415,105.3,,109.748,eod,09:45,15:54,34.18,28.09,0.822
2025-05-30,down,SQQQ,26,111.2322,109.85,,109.828,stop,09:45,10:28,35.94,-36.51,-1.016
2025-06-02,up,TQQQ,53,34.947,34.28,,34.2731,stop,09:45,10:00,35.35,-35.71,-1.01
2025-06-03,up,TQQQ,99,35.6471,35.37,,36.2927,eod,09:45,15:54,27.44,63.92,2.33
2025-06-04,up,TQQQ,98,36.6173,36.41,,36.4027,stop,09:45,10:00,20.32,-21.03,-1.035
2025-06-05,down,SQQQ,34,104.0308,103.12,,103.0994,stop,09:45,10:41,30.97,-31.67,-1.023
2025-06-06,up,TQQQ,95,37.0174,36.65,,36.6427,stop,09:45,10:32,34.9,-35.6,-1.02
2025-06-09,down,SQQQ,33,103.6807,103.4,,103.3793,stop,09:45,09:51,9.26,-9.95,-1.074
2025-06-10,up,TQQQ,94,37.1074,36.93,,36.9226,stop,09:45,11:32,16.68,-17.37,-1.042
2025-06-11,down,SQQQ,34,101.1902,100.43,,100.4099,stop,09:45,10:22,25.85,-26.53,-1.026
2025-06-12,up,TQQQ,92,37.2274,36.92,,37.3425,eod,09:45,15:54,28.28,10.59,0.374
2025-06-13,up,TQQQ,62,36.6773,36.12,,36.1128,stop,09:45,10:20,34.55,-35.0,-1.013
2025-06-16,up,TQQQ,92,37.1174,36.77,,37.4825,eod,09:45,15:54,31.96,33.59,1.051
2025-06-17,down,SQQQ,33,103.2406,102.2,,102.1796,stop,09:45,10:00,34.34,-35.02,-1.02
2025-06-18,down,SQQQ,32,104.0308,103.77,,103.7492,stop,09:45,09:48,8.35,-9.01,-1.08
2025-06-20,up,TQQQ,88,37.2474,36.86,,36.8526,stop,09:45,09:53,34.1,-34.74,-1.019
2025-06-23,up,TQQQ,55,36.0972,35.49,,35.4829,stop,09:45,12:37,33.4,-33.79,-1.012
2025-06-24,up,TQQQ,87,38.2376,37.97,,38.7422,eod,09:45,15:54,23.29,43.9,1.885
2025-06-25,up,TQQQ,86,39.4079,39.16,,39.1522,stop,09:45,09:50,21.32,-21.99,-1.032
2025-06-26,down,SQQQ,34,96.5193,95.99,,95.9708,stop,09:45,10:00,18.0,-18.65,-1.036
2025-06-27,up,TQQQ,82,40.4081,40.15,,40.142,stop,09:45,14:19,21.16,-21.82,-1.031
2025-06-30,down,SQQQ,35,92.8986,92.13,,92.1116,stop,09:45,15:21,26.9,-27.55,-1.024
2025-07-01,down,SQQQ,35,93.1486,92.77,,92.7514,stop,09:45,09:48,13.25,-13.9,-1.049
2025-07-02,up,TQQQ,81,40.198,39.96,,40.9818,eod,09:45,15:54,19.28,63.48,3.293
2025-07-03,up,TQQQ,80,41.6483,41.48,,42.0716,eod,09:45,15:54,13.47,33.86,2.514
2025-07-07,up,TQQQ,81,41.5683,41.3,,41.2917,stop,09:45,10:53,21.73,-22.4,-1.031
2025-07-08,down,SQQQ,36,91.6583,91.19,,91.1718,stop,09:45,10:40,16.86,-17.52,-1.039
2025-07-09,up,TQQQ,78,42.1284,41.7,,41.6917,stop,09:45,10:36,33.42,-34.07,-1.019
2025-07-10,down,SQQQ,36,90.148,89.41,,90.3519,eod,09:45,15:54,26.57,7.34,0.276
2025-07-11,down,SQQQ,33,91.9884,91.0,,90.9818,stop,09:45,09:57,32.62,-33.22,-1.018
2025-07-14,down,SQQQ,22,92.2384,90.77,,90.7518,stop,09:45,10:21,32.31,-32.71,-1.012
2025-07-15,down,SQQQ,36,88.5977,87.9,,89.4321,eod,09:45,15:54,25.12,30.04,1.196
2025-07-16,down,SQQQ,34,90.4081,89.45,,89.4321,stop,09:45,15:40,32.57,-33.18,-1.019
2025-07-17,up,TQQQ,76,42.5385,42.23,,43.2513,eod,09:45,15:54,23.45,54.18,2.311
2025-07-18,down,SQQQ,37,87.3775,86.92,,87.8624,eod,09:45,15:54,16.93,17.94,1.06
2025-07-21,up,TQQQ,72,43.7387,43.28,,43.7512,eod,09:45,15:54,33.03,0.9,0.027
2025-07-22,down,SQQQ,38,87.3075,86.54,,87.7624,eod,09:45,15:54,29.16,17.29,0.593
2025-07-23,down,SQQQ,37,88.2276,87.48,,87.4625,stop,09:45,11:54,27.66,-28.31,-1.023
2025-07-24,down,SQQQ,38,86.3973,85.98,,85.9628,stop,09:45,09:47,15.86,-16.51,-1.041
2025-07-25,up,TQQQ,75,43.8788,43.71,,44.1812,eod,09:45,15:54,12.66,22.68,1.792
2025-07-28,up,TQQQ,74,44.6389,44.47,,44.4611,stop,09:45,11:19,12.5,-13.16,-1.053
2025-07-29,up,TQQQ,72,45.3491,45.18,,45.171,stop,09:45,09:49,12.17,-12.82,-1.053
2025-07-30,up,TQQQ,73,44.6989,44.37,,44.3611,stop,09:45,14:56,24.01,-24.66,-1.027
2025-07-31,down,SQQQ,25,83.4567,82.17,,86.8026,eod,09:45,15:54,32.17,83.65,2.6
2025-08-01,down,SQQQ,16,91.3783,89.36,,91.5017,eod,09:45,15:54,32.29,1.97,0.061
2025-08-04,up,TQQQ,61,42.8586,42.31,,43.4013,eod,09:45,15:54,33.46,33.11,0.989
2025-08-05,up,TQQQ,77,43.7988,43.48,,43.4713,stop,09:45,10:17,24.54,-25.21,-1.027
2025-08-06,up,TQQQ,78,42.9286,42.63,,44.1012,eod,09:45,15:54,23.29,91.46,3.927
2025-08-07,up,TQQQ,76,45.189,45.04,,45.031,stop,09:45,09:45,11.33,-12.01,-1.06
2025-08-08,up,TQQQ,76,45.179,44.76,,45.7608,eod,09:45,15:54,31.85,44.22,1.388
2025-08-11,up,TQQQ,75,45.9092,45.61,,45.6009,stop,09:45,14:04,22.44,-23.12,-1.03
2025-08-12,up,TQQQ,75,45.9392,45.79,,45.7808,stop,09:45,09:48,11.19,-11.88,-1.061
2025-08-13,up,TQQQ,72,47.7295,47.62,,47.6105,stop,09:45,09:45,7.89,-8.57,-1.087
2025-08-14,up,TQQQ,68,47.0194,46.52,,47.1706,eod,09:45,15:54,33.96,10.28,0.303
2025-08-15,down,SQQQ,42,80.6861,80.1,,81.1438,eod,09:45,15:54,24.62,19.22,0.781
2025-08-18,up,TQQQ,75,46.1592,46.1,,46.0908,stop,09:45,09:51,4.44,-5.13,-1.156
2025-08-19,down,SQQQ,37,82.3965,81.48,,84.843,eod,09:45,15:54,33.91,90.52,2.67
2025-08-20,down,SQQQ,29,86.1872,84.99,,85.8628,eod,09:45,15:54,34.72,-9.41,-0.271
2025-08-21,down,SQQQ,40,86.9374,86.54,,86.5227,stop,09:45,10:06,15.9,-16.59,-1.044
2025-08-22,up,TQQQ,54,43.5587,42.91,,44.881,eod,09:45,15:54,35.03,71.4,2.038
2025-08-25,down,SQQQ,42,84.3969,83.93,,83.9132,stop,09:45,09:59,19.61,-20.31,-1.036
2025-08-26,up,TQQQ,80,44.5289,44.34,,44.3311,stop,09:45,09:46,15.11,-15.82,-1.047
2025-08-27,down,SQQQ,42,83.8968,83.44,,83.4233,stop,09:45,10:14,19.18,-19.89,-1.037
2025-08-28,up,TQQQ,77,45.7091,45.29,,45.2809,stop,09:45,09:50,32.27,-32.97,-1.022
2025-08-29,down,SQQQ,42,83.0766,82.38,,84.833,eod,09:45,15:54,29.26,73.77,2.521
2025-09-02,up,TQQQ,50,42.5585,41.85,,43.2713,eod,09:45,15:54,35.43,35.64,1.006
2025-09-03,down,SQQQ,42,85.147,84.71,,84.6931,stop,09:45,10:03,18.36,-19.07,-1.039
2025-09-04,up,TQQQ,81,44.4689,44.29,,44.2811,stop,09:45,10:02,14.49,-15.21,-1.05
2025-09-05,down,SQQQ,44,80.146,79.82,,82.2935,eod,09:45,15:54,14.35,94.49,6.587
2025-09-08,up,TQQQ,79,46.4293,46.09,,46.0808,stop,09:45,13:52,26.8,-27.53,-1.027
2025-09-09,up,TQQQ,78,46.4993,46.35,,46.3407,stop,09:45,09:50,11.65,-12.37,-1.062
2025-09-10,down,SQQQ,45,79.5559,78.83,,80.184,eod,09:45,15:54,32.67,28.26,0.865
2025-09-11,down,SQQQ,46,79.6559,78.93,,78.9142,stop,09:45,10:06,33.39,-34.12,-1.022
2025-09-12,down,SQQQ,46,78.6357,78.27,,78.2543,stop,09:45,10:21,16.82,-17.54,-1.043
2025-09-15,up,TQQQ,74,48.6697,48.47,,49.1502,eod,09:45,15:54,14.78,35.55,2.405
2025-09-16,down,SQQQ,48,75.7651,75.45,,75.9348,eod,09:45,15:54,15.13,8.14,0.538
2025-09-17,down,SQQQ,47,76.6453,75.99,,75.9748,stop,09:45,15:27,30.8,-31.51,-1.023
2025-09-18,down,SQQQ,41,75.235,74.37,,74.3551,stop,09:45,10:00,35.47,-36.08,-1.017
2025-09-19,down,SQQQ,48,73.9448,73.76,,73.7452,stop,09:45,09:49,8.87,-9.58,-1.08
2025-09-22,up,TQQQ,70,51.1102,50.88,,52.0296,eod,09:45,15:54,16.12,64.36,3.993
2025-09-23,down,SQQQ,50,72.2745,71.74,,73.2254,eod,09:45,15:54,26.72,47.55,1.779
2025-09-24,down,SQQQ,50,73.2947,72.73,,74.1452,eod,09:45,15:54,28.23,42.53,1.506
2025-09-25,down,SQQQ,27,76.9154,75.55,,75.5349,stop,09:45,10:10,36.87,-37.27,-1.011
2025-09-26,up,TQQQ,74,50.03,49.58,,49.5701,stop,09:45,10:11,33.3,-34.03,-1.022
2025-09-29,up,TQQQ,71,51.5103,51.09,,51.0798,stop,09:45,11:36,29.84,-30.57,-1.024
2025-09-30,down,SQQQ,49,73.6547,73.3,,73.2853,stop,09:45,10:48,17.38,-18.1,-1.041
2025-10-01,up,TQQQ,68,50.9902,50.46,,50.4499,stop,09:45,09:49,36.05,-36.74,-1.019
2025-10-02,down,SQQQ,34,71.3843,70.35,,70.9058,eod,09:45,15:54,35.17,-16.27,-0.463
2025-10-03,up,TQQQ,67,52.9506,52.81,,52.7994,stop,09:45,09:56,9.42,-10.13,-1.075
2025-10-06,down,SQQQ,50,70.6241,69.92,,69.906,stop,09:45,13:23,35.21,-35.91,-1.02
2025-10-07,up,TQQQ,65,53.6307,53.44,,53.4293,stop,09:45,10:03,12.4,-13.09,-1.056
2025-10-08,up,TQQQ,66,52.9006,52.54,,54.1392,eod,09:45,15:54,23.8,81.75,3.435
2025-10-09,down,SQQQ,51,69.4039,68.91,,69.2361,eod,09:45,15:54,25.19,-8.55,-0.34
2025-10-10,up,TQQQ,65,54.4109,53.94,,53.9292,stop,09:45,10:57,30.61,-31.31,-1.023
2025-10-13,down,SQQQ,48,72.7245,72.4,,72.3855,stop,09:45,09:50,15.58,-16.27,-1.045
2025-10-14,down,SQQQ,20,75.7051,74.02,,74.0052,stop,09:45,10:20,33.7,-34.0,-1.009
2025-10-15,down,SQQQ,48,71.5043,70.92,,70.9058,stop,09:45,09:55,28.05,-28.73,-1.024
2025-10-16,up,TQQQ,66,52.3505,52.01,,51.9996,stop,09:45,09:50,22.47,-23.16,-1.031
2025-10-17,down,SQQQ,30,73.6747,72.54,,72.5255,stop,09:45,09:52,34.04,-34.48,-1.013
2025-10-20,up,TQQQ,64,52.9706,52.49,,53.8092,eod,09:45,15:54,30.76,53.67,1.745
2025-10-21,down,SQQQ,50,68.7938,68.39,,68.3763,stop,09:45,10:58,20.19,-20.87,-1.034
2025-10-22,down,SQQQ,50,68.7838,68.67,,68.6563,stop,09:45,09:51,5.69,-6.37,-1.121
2025-10-23,up,TQQQ,58,52.3405,51.75,,53.3293,eod,09:45,15:54,34.25,57.35,1.675
2025-10-24,up,TQQQ,63,54.961,54.46,,55.099,eod,09:45,15:54,31.56,8.69,0.275
2025-10-27,up,TQQQ,61,57.1114,56.82,,57.9984,eod,09:45,15:54,17.78,54.11,3.044
2025-10-28,up,TQQQ,60,58.6917,58.45,,58.4383,stop,09:45,09:48,14.5,-15.21,-1.048
2025-10-29,up,TQQQ,59,60.032,59.87,,59.858,stop,09:45,10:50,9.56,-10.26,-1.074
2025-10-30,down,SQQQ,34,62.9626,61.95,,61.9376,stop,09:45,09:52,34.43,-34.85,-1.012
2025-10-31,down,SQQQ,56,61.9324,61.33,,62.5275,eod,09:45,15:54,33.73,33.33,0.988
2025-11-03,down,SQQQ,48,61.5723,60.85,,62.0776,eod,09:45,15:54,34.67,24.25,0.7
2025-11-04,up,TQQQ,46,56.6013,55.83,,55.8188,stop,09:45,12:19,35.48,-35.99,-1.014
2025-11-05,down,SQQQ,53,66.1832,65.76,,65.7468,stop,09:45,09:47,22.43,-23.13,-1.031
2025-11-06,down,SQQQ,53,65.5231,64.93,,68.1764,eod,09:45,15:54,31.43,140.62,4.474
2025-11-07,down,SQQQ,32,70.4541,69.34,,69.3261,stop,09:45,14:59,35.65,-36.09,-1.012
2025-11-10,up,TQQQ,52,55.5111,54.83,,54.819,stop,09:45,10:59,35.42,-35.99,-1.016
2025-11-11,up,TQQQ,64,55.3611,55.21,,55.199,stop,09:45,09:49,9.67,-10.38,-1.073
2025-11-12,down,SQQQ,34,64.883,63.85,,65.107,eod,09:45,15:54,35.12,7.62,0.217
2025-11-13,down,SQQQ,22,67.6335,66.03,,66.0168,stop,09:45,10:16,35.28,-35.57,-1.008
2025-11-14,up,TQQQ,26,50.4201,49.11,,51.9496,eod,09:45,15:54,34.06,39.77,1.168
2025-11-17,up,TQQQ,27,52.4405,51.16,,51.1498,stop,09:45,11:16,34.57,-34.85,-1.008
2025-11-18,down,SQQQ,23,72.8146,71.3,,72.9554,eod,09:45,15:54,34.83,3.24,0.093
2025-11-19,up,TQQQ,34,49.85,48.83,,48.8202,stop,09:45,12:33,34.68,-35.01,-1.01
2025-11-20,up,TQQQ,66,52.6605,52.27,,52.2595,stop,09:45,11:00,25.77,-26.46,-1.027
2025-11-21,down,SQQQ,39,76.7653,75.89,,75.8748,stop,09:45,09:54,34.14,-34.73,-1.017
2025-11-24,up,TQQQ,55,49.0198,48.4,,51.0898,eod,09:45,15:54,34.09,113.85,3.34
2025-11-25,down,SQQQ,27,71.5143,70.24,,70.226,stop,09:45,11:22,34.41,-34.79,-1.011
2025-11-26,up,TQQQ,66,52.7005,52.42,,52.4095,stop,09:45,09:58,18.52,-19.21,-1.037
2025-11-28,down,SQQQ,52,66.3433,65.81,,65.7968,stop,09:45,10:54,27.73,-28.41,-1.025
2025-12-01,down,SQQQ,51,67.1534,66.58,,66.5667,stop,09:45,09:48,29.24,-29.92,-1.023
2025-12-02,up,TQQQ,44,55.001,54.22,,54.2092,stop,09:45,11:23,34.36,-34.84,-1.014
2025-12-03,down,SQQQ,52,65.3531,64.88,,64.867,stop,09:45,10:00,24.6,-25.27,-1.027
2025-12-04,down,SQQQ,37,64.4929,63.58,,64.4371,eod,09:45,15:54,33.78,-2.06,-0.061
2025-12-05,up,TQQQ,60,55.7511,55.52,,55.5089,stop,09:45,11:31,13.87,-14.54,-1.048
2025-12-08,up,TQQQ,59,56.3813,56.15,,56.1388,stop,09:45,09:48,13.65,-14.31,-1.049
2025-12-09,down,SQQQ,52,64.3129,64.02,,64.0072,stop,09:45,10:02,15.23,-15.89,-1.044
2025-12-10,down,SQQQ,52,64.0928,63.94,,63.9272,stop,09:45,09:47,7.95,-8.61,-1.084
2025-12-11,down,SQQQ,51,64.4929,64.04,,64.0272,stop,09:45,12:42,23.1,-23.75,-1.028
2025-12-12,down,SQQQ,51,64.7429,64.25,,67.3765,eod,09:45,15:54,25.14,134.31,5.343
2025-12-15,down,SQQQ,34,66.7333,65.74,,68.2863,eod,09:45,15:54,33.77,52.8,1.563
2025-12-16,up,TQQQ,67,51.3703,51.02,,51.0098,stop,09:45,09:46,23.47,-24.15,-1.029
2025-12-17,down,SQQQ,33,68.3637,67.32,,71.5057,eod,09:45,15:54,34.44,103.69,3.011
2025-12-18,down,SQQQ,31,69.1338,67.99,,67.9764,stop,09:45,10:27,35.46,-35.88,-1.012
2025-12-19,up,TQQQ,30,53.0406,51.9,,53.2394,eod,09:45,15:54,34.22,5.96,0.174
2025-12-22,down,SQQQ,45,65.093,64.31,,65.007,eod,09:45,15:54,35.24,-3.87,-0.11
2025-12-23,up,TQQQ,60,54.2108,53.63,,53.6193,stop,09:45,10:03,34.85,-35.49,-1.018
2025-12-26,up,TQQQ,63,55.4911,55.09,,55.079,stop,09:45,10:01,25.27,-25.96,-1.027
2025-12-29,up,TQQQ,42,54.6209,53.81,,53.7992,stop,09:45,10:14,34.06,-34.51,-1.013
2025-12-30,down,SQQQ,52,65.113,64.78,,64.767,stop,09:45,09:49,17.32,-17.99,-1.039
2025-12-31,down,SQQQ,52,65.6531,65.09,,66.6767,eod,09:45,15:54,29.28,53.22,1.818
2026-01-02,up,TQQQ,64,54.0008,53.66,,53.6493,stop,09:45,10:12,21.81,-22.5,-1.031
2026-01-05,down,SQQQ,52,65.6831,65.12,,65.107,stop,09:45,10:28,29.28,-29.96,-1.023
2026-01-06,up,TQQQ,63,53.8908,53.53,,54.879,eod,09:45,15:54,22.73,62.26,2.739
2026-01-07,up,TQQQ,63,55.091,54.55,,54.979,eod,09:45,15:54,34.08,-7.06,-0.207
2026-01-08,down,SQQQ,25,65.4531,64.11,,64.937,eod,09:45,15:54,33.58,-12.9,-0.384
2026-01-09,up,TQQQ,52,54.4409,53.78,,53.7692,stop,09:45,10:08,34.37,-34.93,-1.016
2026-01-12,up,TQQQ,48,55.071,54.37,,55.8088,eod,09:45,15:54,33.65,35.42,1.053
2026-01-13,up,TQQQ,61,55.9512,55.57,,55.5589,stop,09:45,10:02,23.25,-23.93,-1.029
2026-01-14,down,SQQQ,29,65.3531,64.18,,65.5769,eod,09:45,15:54,34.02,6.49,0.191
2026-01-15,up,TQQQ,62,55.4611,54.99,,54.979,stop,09:45,09:51,29.21,-29.89,-1.023
2026-01-16,down,SQQQ,53,63.9728,63.45,,64.797,eod,09:45,15:54,27.71,43.69,1.577
2026-01-20,up,TQQQ,53,51.7804,51.13,,51.1198,stop,09:45,13:33,34.47,-35.01,-1.016
2026-01-21,up,TQQQ,67,50.9202,50.47,,52.4995,eod,09:45,15:54,30.16,105.81,3.508
2026-01-22,down,SQQQ,54,65.023,64.37,,64.997,eod,09:45,15:54,35.26,-1.4,-0.04
2026-01-23,up,TQQQ,66,53.4507,53.11,,54.1592,eod,09:45,15:54,22.49,46.76,2.08
2026-01-26,up,TQQQ,49,54.7209,54.0,,54.949,eod,09:45,15:54,35.33,11.18,0.316
2026-01-27,down,SQQQ,57,62.7025,62.29,,62.2775,stop,09:45,09:53,23.51,-24.22,-1.03
2026-01-28,up,TQQQ,61,57.7115,57.23,,57.2186,stop,09:45,10:12,29.37,-30.07,-1.024
2026-01-29,down,SQQQ,22,62.7225,61.13,,62.4575,eod,09:45,15:54,35.04,-5.83,-0.166
2026-01-30,up,TQQQ,64,55.081,54.68,,54.6691,stop,09:45,09:59,25.66,-26.36,-1.027
2026-02-02,up,TQQQ,30,54.0908,52.94,,54.849,eod,09:45,15:54,34.52,22.75,0.659
2026-02-03,down,SQQQ,23,64.1028,62.62,,66.4867,eod,09:45,15:54,34.1,54.83,1.608
2026-02-04,down,SQQQ,53,67.2534,66.82,,69.776,eod,09:45,15:54,22.97,133.7,5.82
2026-02-05,up,TQQQ,23,49.0698,47.51,,47.5005,stop,09:45,10:08,35.88,-36.09,-1.006
2026-02-06,up,TQQQ,28,49.1198,47.81,,50.6899,eod,09:45,15:54,36.68,43.96,1.199
2026-02-09,up,TQQQ,32,50.4101,49.25,,51.6197,eod,09:45,15:54,37.12,38.71,1.043
2026-02-10,down,SQQQ,47,67.0234,66.23,,66.2168,stop,09:45,09:58,37.29,-37.91,-1.017
2026-02-11,down,SQQQ,56,66.3533,65.75,,66.9766,eod,09:45,15:54,33.78,34.91,1.033
2026-02-12,down,SQQQ,54,67.0334,66.34,,71.1858,eod,09:45,15:54,37.44,224.23,5.988
2026-02-13,down,SQQQ,53,71.7944,71.05,,71.0358,stop,09:45,09:45,39.45,-40.2,-1.019
