stop_pct,bias,trail,hold,trades,win_rate,net_pnl,expectancy,max_drawdown,avg_win,avg_loss,final_equity,exits
3.0,off,1.0,off,208,40.4,105.96,0.51,40.64,7.27,-4.07,2155.96,eod:7/tp:1/trail:200
3.0,off,1.0,240,208,40.4,97.75,0.47,40.56,7.16,-4.06,2147.75,time:9/tp:1/trail:198
3.0,0.5,1.0,off,191,39.3,79.05,0.41,56.95,7.28,-4.03,2129.05,eod:7/tp:1/trail:183
3.0,off,1.0,180,208,40.4,81.84,0.39,41.11,6.95,-4.05,2131.84,time:10/tp:1/trail:197
3.0,0.5,1.0,240,191,39.3,69.65,0.36,53.53,7.15,-4.02,2119.65,time:9/tp:1/trail:181
3.0,0.5,1.0,180,191,39.3,53.62,0.28,54.13,6.92,-4.01,2103.62,time:10/tp:1/trail:180
3.0,0.5,1.5,off,191,34.6,22.8,0.12,140.7,11.21,-5.73,2072.8,breakeven:2/eod:20/tp:8/trail:161
3.0,0.5,1.5,240,191,35.1,21.29,0.11,148.45,11.02,-5.78,2071.29,breakeven:2/time:23/tp:8/trail:158
3.0,off,1.5,off,208,34.1,18.63,0.09,170.61,11.23,-5.68,2068.63,breakeven:2/eod:20/tp:9/trail:177
3.0,off,1.5,240,208,34.6,15.14,0.07,179.74,11.05,-5.74,2065.14,breakeven:2/time:23/tp:9/trail:174
3.0,0.5,2.0,off,191,36.6,-8.01,-0.04,207.63,12.87,-7.51,2041.99,breakeven:12/eod:34/tp:14/trail:131
3.0,0.5,2.0,240,191,37.2,-14.85,-0.08,217.45,12.52,-7.53,2035.15,breakeven:10/eod:1/time:38/tp:14/trail:128
3.0,0.5,1.5,180,191,33.5,-27.34,-0.14,173.18,10.63,-5.57,2022.66,breakeven:2/time:25/tp:7/trail:157
3.0,off,1.5,180,208,33.2,-38.76,-0.19,207.92,10.6,-5.54,2011.24,breakeven:2/time:25/tp:8/trail:173
3.0,off,2.0,off,208,35.6,-45.99,-0.22,274.44,12.81,-7.42,2004.01,breakeven:13/eod:35/tp:16/trail:144
3.0,off,2.0,240,208,36.1,-49.51,-0.24,280.39,12.59,-7.47,2000.49,breakeven:11/eod:1/time:39/tp:16/trail:141
3.0,0.5,2.0,180,191,35.6,-69.42,-0.36,239.08,12.04,-7.22,1980.58,breakeven:10/time:45/tp:13/trail:123
3.0,off,2.0,180,208,34.6,-106.19,-0.51,303.79,12.13,-7.2,1943.81,breakeven:11/time:46/tp:15/trail:136
3.0,0.5,off,180,191,35.1,-244.22,-1.28,463.75,14.02,-9.54,1805.78,breakeven:34/stop:51/time:88/tp:18
3.0,0.5,off,240,191,34.0,-252.23,-1.32,480.12,15.37,-9.93,1797.77,breakeven:38/eod:2/stop:54/time:77/tp:20
3.0,0.5,off,off,191,28.8,-283.29,-1.48,525.83,17.72,-9.25,1766.71,breakeven:46/eod:65/stop:58/tp:22
3.0,off,off,180,208,33.2,-313.25,-1.51,551.55,14.04,-9.22,1736.75,breakeven:38/stop:56/time:94/tp:20
3.0,off,off,240,208,32.7,-328.84,-1.58,576.07,15.18,-9.72,1721.16,breakeven:42/eod:3/stop:60/time:81/tp:22
3.0,off,off,off,208,27.4,-375.26,-1.8,622.73,17.4,-9.05,1674.74,breakeven:50/eod:69/stop:65/tp:24
